# auto-generated post redirects from xml
/voyages/petit-tour-deurope-pour-la-croatie/etapes-camping	/etapes-camping.html	301
/voyages/2015-ouganda/kibale	/kibale.html	301
/divers/blog/vive-lirlande	/vive-lirlande.html	301
/voyages/crete/album-crete	/album-crete.html	301
/divers/blog/samedi-soir-a-granville	/samedi-soir-a-granville.html	301
/voyages/caraibes/saint-vincent	/saint-vincent.html	301
/voyages/petit-tour-deurope-pour-la-croatie/preparation-du-voyage	/preparation-du-voyage.html	301
/divers/films/horrorthon	/horrorthon.html	301
/voyages/hongrie-budapest/photos-budapest	/photos-budapest.html	301
/voyages/coree/jeju-le-soleil-et-la-mer	/jeju-le-soleil-et-la-mer.html	301
/voyages/petit-tour-deurope-pour-la-croatie/maribor-et-varazdin	/maribor-et-varazdin.html	301
/voyages/2015-ouganda/gorilles	/gorilles.html	301
/voyages/andalousie/voyage-en-andalousie-nerja	/voyage-en-andalousie-nerja.html	301
/divers/films/festival-de-gerardmer-2011-conclusion-et-palmares	/festival-de-gerardmer-2011-conclusion-et-palmares.html	301
/divers/livres/world-books-challenge-argentine-le-lieu-perdu	/world-books-challenge-argentine-le-lieu-perdu.html	301
/divers/livres/challenge-1000-ans-de-litterature-francaise-gargantua	/challenge-1000-ans-de-litterature-francaise-gargantua.html	301
/divers/films/festival-de-gerardmer-dimanche-et-palmares	/festival-de-gerardmer-dimanche-et-palmares.html	301
/voyages/new-york-niaraga-falls-chicago/new-york-niagara-falls	/new-york-niagara-falls.html	301
/voyages/st-petersbourg/saint-petersbourg-ville-glacee	/saint-petersbourg-ville-glacee.html	301
/divers/blog/a-petits-pas-vers-laventure	/a-petits-pas-vers-laventure.html	301
/voyages/hongrie-budapest/deuxieme-jour-a-budapest-suite-2	/deuxieme-jour-a-budapest-suite-2.html	301
/voyages/new-york-niaraga-falls-chicago/new-york-day-2	/new-york-day-2.html	301
/voyages/new-york-niaraga-falls-chicago/new-york-day-3	/new-york-day-3.html	301
/voyages/djerba/le-sud	/le-sud.html	301
/voyages/mongolie/sur-la-route	/sur-la-route.html	301
/divers/films/films-de-mai	/films-de-mai.html	301
/voyages/georgie-armenie/kutaisi-gori-et-le-retour	/kutaisi-gori-et-le-retour.html	301
/voyages/georgie-armenie/dilijan-et-le-lac-sevan	/dilijan-et-le-lac-sevan.html	301
/divers/blog/rentree	/rentree.html	301
/voyages/new-york-niaraga-falls-chicago/album-new-york	/album-new-york.html	301
/divers/films/gerardmer-2010-palmares	/gerardmer-2010-palmares.html	301
/divers/livres/la-verite-sur-gustavo-roderer-de-guillermo-martinez	/la-verite-sur-gustavo-roderer-de-guillermo-martinez.html	301
/divers/livres/mes-livres-de-lete	/mes-livres-de-lete.html	301
/divers/photo-du-mois/photo-du-mois-gourmandise	/photo-du-mois-gourmandise.html	301
/divers/films/films-de-mai-2	/films-de-mai-2.html	301
/voyages/un-an-en-irlande/week-end-en-ulster	/week-end-en-ulster.html	301
/voyages/week-end-a-amsterdam/week-end-a-amsterdam-2	/week-end-a-amsterdam-2.html	301
/divers/films/etrange-festival-the-oregonian	/etrange-festival-the-oregonian.html	301
/voyages/coree/derniers-jours	/derniers-jours.html	301
/divers/films/films-de-lete-2010	/films-de-lete-2010.html	301
/divers/films/films-dhiver-janvier-fevrier	/films-dhiver-janvier-fevrier.html	301
/voyages/un-an-en-irlande/journee-electorale-francaise-en-irlande	/journee-electorale-francaise-en-irlande.html	301
/divers/photo-du-mois/photo-du-mois-le-feu	/photo-du-mois-le-feu.html	301
/divers/livres/defi-voyage-autour-du-monde-oasis-interdites	/defi-voyage-autour-du-monde-oasis-interdites.html	301
/voyages/mongolie/retour-en-france	/retour-en-france.html	301
/divers/films/festival-de-gerardmer-samedi	/festival-de-gerardmer-samedi.html	301
/voyages/edimbourgh	/edimbourgh.html	301
/voyages/2015-ouganda/lac-mburo	/lac-mburo.html	301
/voyages/2014-us-road-trip/las-vegas	/las-vegas.html	301
/voyages/2015-ouganda/bunyonyi	/bunyonyi.html	301
/voyages/coree/mi-chemin	/mi-chemin.html	301
/voyages/coree/deuxieme-semaine	/deuxieme-semaine.html	301
/divers/blog/les-ateliers-de-menilmontant	/les-ateliers-de-menilmontant.html	301
/divers/films/festival-de-gerardmer/gerardmer-2017-vendredi	/gerardmer-2017-vendredi.html	301
/voyages/montreal-et-quebec/quebec-en-un-jour	/quebec-en-un-jour.html	301
/divers/livres/egypt-farm-de-rachel-cusk	/egypt-farm-de-rachel-cusk.html	301
/voyages/hongrie-budapest/fin-de-la-premiere-journee-a-budapest	/fin-de-la-premiere-journee-a-budapest.html	301
/divers/livres/livres-swap-livraddict-theme-adaptations	/livres-swap-livraddict-theme-adaptations.html	301
/divers/films/films-de-novembre	/films-de-novembre.html	301
/divers/films/etrange-festival-suite-et-fin	/etrange-festival-suite-et-fin.html	301
/voyages/islande/blue-lagoon	/blue-lagoon.html	301
/divers/films/festival-de-gerardmer-2016-jeudi	/festival-de-gerardmer-2016-jeudi.html	301
/voyages/new-york-niaraga-falls-chicago/slam-chicago	/slam-chicago.html	301
/voyages/coree/premiere-nuit-naksan	/premiere-nuit-naksan.html	301
/divers/films/gerardmer-2010-vive-les-zombies	/gerardmer-2010-vive-les-zombies.html	301
/voyages/caraibes/bequia	/bequia.html	301
/voyages/caraibes/trinidad	/trinidad.html	301
/divers/films/festival-de-gerardmer/gerardmer-2014-week-end-et-palmares	/gerardmer-2014-week-end-et-palmares.html	301
/divers/films/festival-de-gerardmer/gerardmer-jour-2	/gerardmer-jour-2.html	301
/voyages/petit-tour-deurope-pour-la-croatie/dubrovnik	/dubrovnik.html	301
/divers/livres/world-books-challenge-australie-la-loi-de-la-tribu	/world-books-challenge-australie-la-loi-de-la-tribu.html	301
/divers/films/fantasticart	/fantasticart.html	301
/voyages/un-an-en-irlande/de-retour-en-irlande	/de-retour-en-irlande.html	301
/voyages/new-york-niaraga-falls-chicago/chicago-day-2	/chicago-day-2.html	301
/divers/films/fantasticart-2007-journee-du-vendredi	/fantasticart-2007-journee-du-vendredi.html	301
/voyages/st-petersbourg/encore-la-neige	/encore-la-neige.html	301
/divers/livres/world-books-challenge-perou-qui-a-tue-palomino-molero	/world-books-challenge-perou-qui-a-tue-palomino-molero.html	301
/divers/recettes/faites-voyager-vos-sens	/faites-voyager-vos-sens.html	301
/voyages/les-chevres-sauvages-du-valhalla	/les-chevres-sauvages-du-valhalla.html	301
/divers/photo-du-mois/photo-du-mois-bleu	/photo-du-mois-bleu.html	301
/divers/films/festival-de-gerardmer-2011-vendredi	/festival-de-gerardmer-2011-vendredi.html	301
/divers/peintures-notes/sur-le-chameau	/sur-le-chameau.html	301
/divers/films/films-de-decembre	/films-de-decembre.html	301
/voyages/coree/premiers-jours	/premiers-jours.html	301
/divers/recettes/repas-de-nouvel-an	/repas-de-nouvel-an.html	301
/voyages/2015-ouganda/ouh-la-gadoue	/ouh-la-gadoue.html	301
/photos/caraibes-les-photos	/caraibes-les-photos.html	301
/voyages/caraibes/grenade	/grenade.html	301
/divers/films/festival-de-gerardmer-2011-jeudi	/festival-de-gerardmer-2011-jeudi.html	301
/voyages/un-an-en-irlande/halloween	/halloween.html	301
/voyages/un-an-en-irlande/mon-premier-match-de-rugby	/mon-premier-match-de-rugby.html	301
/divers/films/manderlay	/manderlay.html	301
/voyages/japon/tokyo-a-travers-la-ville	/tokyo-a-travers-la-ville.html	301
/divers/films/bombon-el-perro	/bombon-el-perro.html	301
/voyages/petit-tour-deurope-pour-la-croatie/premieres-etapes	/premieres-etapes.html	301
/voyages/djerba/tour-de-lile	/tour-de-lile.html	301
/divers/films/films-davril	/films-davril.html	301
/voyages/vancouver-island	/vancouver-island.html	301
/voyages/japon/nara	/nara.html	301
/divers/films/fantastiart-journee-du-samedi	/fantastiart-journee-du-samedi.html	301
/divers/films/etrange-festival-confessions	/etrange-festival-confessions.html	301
/voyages/coree/etape-helsinki	/etape-helsinki.html	301
/voyages/coree/ou-sont-les-temples-dans-la-montagnes-et-le-chemin	/ou-sont-les-temples-dans-la-montagnes-et-le-chemin.html	301
/voyages/mongolie/la-montagne-et-les-dunes	/la-montagne-et-les-dunes.html	301
/divers/livres/world-books-challenge-senegal-une-si-longue-lettre	/world-books-challenge-senegal-une-si-longue-lettre.html	301
/voyages/petit-tour-deurope-pour-la-croatie/la-bora	/la-bora.html	301
/divers/photo-du-mois/photo-du-mois-sur-les-murs	/photo-du-mois-sur-les-murs.html	301
/voyages/coree/massage-peinture-et-sauna	/massage-peinture-et-sauna.html	301
/voyages/tenerife/tenerife-2	/tenerife-2.html	301
/voyages/petit-tour-deurope-pour-la-croatie/trogir	/trogir.html	301
/voyages/san-francisco/san-francisco	/san-francisco.html	301
/voyages/mongolie/arrivee-en-mongolie-oulan-bator	/arrivee-en-mongolie-oulan-bator.html	301
/voyages/prague/voyage-a-prague-deuxieme-jour	/voyage-a-prague-deuxieme-jour.html	301
/voyages/mongolie/premiere-nuit-sous-la-yourte	/premiere-nuit-sous-la-yourte.html	301
/voyages/georgie-armenie/tbilisi	/tbilisi.html	301
/divers/films/films-novembre-decembre	/films-novembre-decembre.html	301
/voyages/caraibes/carriacou	/carriacou.html	301
/divers/livres/swap-vos-vacances	/swap-vos-vacances.html	301
/photos/photos-mongolie	/photos-mongolie.html	301
/voyages/petit-tour-deurope-pour-la-croatie/de-retour	/de-retour.html	301
/divers/livres/world-books-challenge-norvege-hedda-gabler	/world-books-challenge-norvege-hedda-gabler.html	301
/divers/peintures-notes/erable-en-automne	/erable-en-automne.html	301
/voyages/hongrie-budapest/premier-jour-a-budapest	/premier-jour-a-budapest.html	301
/divers/photo-du-mois/photo-du-mois-mon-tresor	/photo-du-mois-mon-tresor.html	301
/voyages/japon/lac-biwa	/lac-biwa.html	301
/voyages/petit-tour-deurope-pour-la-croatie/split	/split.html	301
/divers/photo-du-mois/photo-du-mois-fenetre	/photo-du-mois-fenetre.html	301
/voyages/petit-tour-deurope-pour-la-croatie/zagreb	/zagreb.html	301
/voyages/un-an-en-irlande/food	/food.html	301
/divers/films/fantastiart-journee-du-dimanche	/fantastiart-journee-du-dimanche.html	301
/divers/spectacles/don-juan-de-brecht-dapres-moliere-au-theatre-de-loeuvre	/don-juan-de-brecht-dapres-moliere-au-theatre-de-loeuvre.html	301
/voyages/un-an-en-irlande/ete-en-irlande	/ete-en-irlande.html	301
/divers/films/festival-de-gerardmer-2008	/festival-de-gerardmer-2008.html	301
/voyages/coree/premier-week-end	/premier-week-end.html	301
/voyages/djerba/djerba-premier-jour	/djerba-premier-jour.html	301
/voyages/un-an-en-irlande/mes-lectures-irlandaises	/mes-lectures-irlandaises.html	301
/voyages/coree/arrives-a-seoul	/arrives-a-seoul.html	301
/voyages/un-an-en-irlande/le-miracle	/le-miracle.html	301
/divers/souvenirs-de-vacances/souvenirs-de-vacances-les-capitales	/souvenirs-de-vacances-les-capitales.html	301
/voyages/montreal-et-quebec/montreal-en-1-jour	/montreal-en-1-jour.html	301
/divers/livres/challenge-1000-ans-de-litterature-francaise-la-princesse-de-cleve	/challenge-1000-ans-de-litterature-francaise-la-princesse-de-cleve.html	301
/divers/photo-du-mois/photo-du-mois-mon-reve-serait	/photo-du-mois-mon-reve-serait.html	301
/divers/films/gerardmer-2010-journee-du-samedi	/gerardmer-2010-journee-du-samedi.html	301
/voyages/de-portland-a-minneapolis	/de-portland-a-minneapolis.html	301
/voyages/un-an-en-irlande/photos-dublin	/photos-dublin.html	301
/divers/films/films-doctobre	/films-doctobre.html	301
/divers/photo-du-mois/photo-du-mois-glace	/photo-du-mois-glace.html	301
/divers/photo-du-mois/photo-du-mois-a-poils	/photo-du-mois-a-poils.html	301
/voyages/un-an-en-irlande/ete-en-irlande-ring-of-kerry	/ete-en-irlande-ring-of-kerry.html	301
/photos/djerba-photos	/djerba-photos.html	301
/voyages/japon/minshugu-et-onsen	/minshugu-et-onsen.html	301
/voyages/andalousie/voyage-en-andalousie-arrivee-a-madrid	/voyage-en-andalousie-arrivee-a-madrid.html	301
/non-classe/photo-du-mois-noir-et-blanc	/photo-du-mois-noir-et-blanc.html	301
/divers/photo-du-mois/photo-du-mois-expression	/photo-du-mois-expression.html	301
/divers/livres/challenge-adaptations-ladversaire	/challenge-adaptations-ladversaire.html	301
/voyages/vers-les-rockies	/vers-les-rockies.html	301
/divers/blog/poeme	/poeme.html	301
/divers/films/gerardmer-2010-journee-du-jeudi	/gerardmer-2010-journee-du-jeudi.html	301
/divers/blog/petit-poeme	/petit-poeme.html	301
/voyages/hongrie-budapest/premier-jour-a-budapest-suite	/premier-jour-a-budapest-suite.html	301
/voyages/mongolie/journee-a-moscou	/journee-a-moscou.html	301
/non-classe/photo-du-mois-madeleine-de-proust	/photo-du-mois-madeleine-de-proust.html	301
/divers/photo-du-mois/photo-du-mois-degre	/photo-du-mois-degre.html	301
/divers/blog/fete-de-la-musique	/fete-de-la-musique.html	301
/divers/photo-du-mois/photo-du-mois-ensemble	/photo-du-mois-ensemble.html	301
/divers/photo-du-mois/photo-du-mois-ombres-chinoises	/photo-du-mois-ombres-chinoises.html	301
/voyages/2015-ouganda/ouganda-semaine-1	/ouganda-semaine-1.html	301
/voyages/islande/les-icebergs	/les-icebergs.html	301
/divers/photo-du-mois/photo-du-mois-lescalier	/photo-du-mois-lescalier.html	301
/divers/photo-du-mois/photo-du-mois-en-mai-fais-ce-quil-te-plait	/photo-du-mois-en-mai-fais-ce-quil-te-plait.html	301
/divers/films/etrange-festival-the-divide	/etrange-festival-the-divide.html	301
/voyages/djerba/sphax	/sphax.html	301
/voyages/caraibes/la-barbade	/la-barbade.html	301
/voyages/mongolie/retour-a-oulan-bator	/retour-a-oulan-bator.html	301
/divers/livres/swap-addiction-lecture-the-et-chocolat	/swap-addiction-lecture-the-et-chocolat.html	301
/divers/photo-du-mois/photo-du-mois-bout-du-monde	/photo-du-mois-bout-du-monde.html	301
/voyages/coree/jeudi-spirituel	/jeudi-spirituel.html	301
/divers/photo-du-mois/photo-du-mois-jeux-de-mains	/photo-du-mois-jeux-de-mains.html	301
/voyages/marrakech	/marrakech.html	301
/divers/blog/vive-noel	/vive-noel.html	301
/divers/photo-du-mois/photo-du-mois-un	/photo-du-mois-un.html	301
/divers/livres/challenge-1000-ans-de-litterature-francaise-les-lettres-persanes	/challenge-1000-ans-de-litterature-francaise-les-lettres-persanes.html	301
/voyages/djerba/sur-le-bateau	/sur-le-bateau.html	301
/divers/films/festival-de-gerardmer-2011-samedi-et-dimanche	/festival-de-gerardmer-2011-samedi-et-dimanche.html	301
/voyages/crete/perdue-dans-les-oliviers	/perdue-dans-les-oliviers.html	301
/divers/films/gerardmer-2012-jour-2	/gerardmer-2012-jour-2.html	301
/divers/films/gerardmer-2012-jour-3	/gerardmer-2012-jour-3.html	301
/divers/films/gerardmer-2012-jour-1	/gerardmer-2012-jour-1.html	301
/divers/livres/world-books-challenge-syrie-la-preuve-par-le-miel	/world-books-challenge-syrie-la-preuve-par-le-miel.html	301
/divers/films/films-de-juin	/films-de-juin.html	301
/divers/blog/des-avantages-du-blog	/des-avantages-du-blog.html	301
/divers/films/fantasticart-2007-journee-du-jeudi	/fantasticart-2007-journee-du-jeudi.html	301
/divers/films/films-de-mars	/films-de-mars.html	301
/voyages/st-petersbourg/photos-saint-petersbourg	/photos-saint-petersbourg.html	301
/divers/souvenirs-de-vacances/souvenirs-de-vacances-villages	/souvenirs-de-vacances-villages.html	301
/divers/photo-du-mois/photo-du-mois-savoir	/photo-du-mois-savoir.html	301
/voyages/djerba/les-plages	/les-plages.html	301
/divers/livres/challenge-villes-europeennes-londres-avec-linspecteur-monk	/challenge-villes-europeennes-londres-avec-linspecteur-monk.html	301
/divers/photo-du-mois/photo-du-mois-dans-le-ciel	/photo-du-mois-dans-le-ciel.html	301
/divers/films/festival-de-gerardmer/gerardmer-2017-week-end	/gerardmer-2017-week-end.html	301
/divers/photo-du-mois/photo-du-mois-en-travaux	/photo-du-mois-en-travaux.html	301
/divers/blog/theatre	/theatre.html	301
/voyages/japon/week-end-tourisme-a-tokyo	/week-end-tourisme-a-tokyo.html	301
/divers/films/etrange-festival-la-garce	/etrange-festival-la-garce.html	301
/divers/photo-du-mois/photo-du-mois-promenons-nous-dans-les-bois	/photo-du-mois-promenons-nous-dans-les-bois.html	301
/divers/blog/le-mur	/le-mur.html	301
/voyages/mongolie/les-sources	/les-sources.html	301
/voyages/islande/les-oiseaux	/les-oiseaux.html	301
/voyages/georgie-armenie/mer-noire-batumi	/mer-noire-batumi.html	301
/voyages/coree/week-end-et-coree-du-nord	/week-end-et-coree-du-nord.html	301
/divers/photo-du-mois/photo-du-mois-colorees	/photo-du-mois-colorees.html	301
/voyages/hongrie-budapest/premiere-soiree-a-budapest-suite	/premiere-soiree-a-budapest-suite.html	301
/divers/livres/mes-lectures-2009	/mes-lectures-2009.html	301
/voyages/crete/pique-nique-et-crete-interieure	/pique-nique-et-crete-interieure.html	301
/divers/livres/world-books-challenge-islande	/world-books-challenge-islande.html	301
/divers/voyager-blogs/voyager-blogs-3-experiences-musicales	/voyager-blogs-3-experiences-musicales.html	301
/divers/livres/le-fils-des-brules-de-laurent-brard	/le-fils-des-brules-de-laurent-brard.html	301
/divers/blog/nouvelle-version	/nouvelle-version.html	301
/divers/photo-du-mois/photo-du-mois-autour-du-livre	/photo-du-mois-autour-du-livre.html	301
/voyages/petit-tour-deurope-pour-la-croatie/venise	/venise.html	301
/divers/films/lete-ou-jai-grandi	/lete-ou-jai-grandi.html	301
/divers/photo-du-mois/photo-du-mois-leau	/photo-du-mois-leau.html	301
/voyages/un-an-en-irlande/trouver-un-appart	/trouver-un-appart.html	301
/divers/voyager-blogs/voyager-blogs-3-experiences-gastronomiques	/voyager-blogs-3-experiences-gastronomiques.html	301
/divers/spectacles/les-justes-dalbert-camus-a-la-colline-deception	/les-justes-dalbert-camus-a-la-colline-deception.html	301
/voyages/montreal-et-quebec/toronto-en-une-soiree	/toronto-en-une-soiree.html	301
/divers/photo-du-mois/photo-du-mois-la-cle	/photo-du-mois-la-cle.html	301
/voyages/2015-ouganda/vers-fort-portal	/vers-fort-portal.html	301
/divers/films/films-de-fevrier	/films-de-fevrier.html	301
/divers/blog/exposition-de-nittis-au-petit-palais	/exposition-de-nittis-au-petit-palais.html	301
/voyages/hongrie-budapest/troisieme-jour-a-budapest	/troisieme-jour-a-budapest.html	301
/divers/livres/challenge-adpatations-la-classe-de-neige	/challenge-adpatations-la-classe-de-neige.html	301
/divers/photo-du-mois/photo-du-mois-oh-my-god	/photo-du-mois-oh-my-god.html	301
/divers/films/fantasticart-2007-journee-du-samedi	/fantasticart-2007-journee-du-samedi.html	301
/divers/photo-du-mois/photo-du-mois-surnaturel	/photo-du-mois-surnaturel.html	301
/divers/photo-du-mois/photo-du-mois-soleil	/photo-du-mois-soleil.html	301
/divers/peintures-notes/naadam	/naadam.html	301
/divers/blog/week-end-a-manigod	/week-end-a-manigod.html	301
/divers/photo-du-mois/photo-du-mois-vacances	/photo-du-mois-vacances.html	301
/voyages/georgie-armenie/retour-en-georgie	/retour-en-georgie.html	301
/voyages/crete/derniers-jours-en-crete	/derniers-jours-en-crete.html	301
/voyages/new-york-niaraga-falls-chicago/album-niagara-falls	/album-niagara-falls.html	301
/divers/blog/vendredi-soir	/vendredi-soir.html	301
/divers/livres/world-books-challenge-allemagne-hongrie-inde	/world-books-challenge-allemagne-hongrie-inde.html	301
/divers/photo-du-mois/photo-du-mois-detail	/photo-du-mois-detail.html	301
/voyages/montreal-et-quebec/cafes-restaurants-halloween	/cafes-restaurants-halloween.html	301
/divers/films/gerardmer-2013-jour-2	/gerardmer-2013-jour-2.html	301
/divers/livres/world-books-challenge-italie-japon-mali	/world-books-challenge-italie-japon-mali.html	301
/voyages/jerusalem	/jerusalem.html	301
/divers/blog/week-end-en-bourgogne	/week-end-en-bourgogne.html	301
/divers/livres/world-books-challenge-afghanistan-milles-soleils-splendides	/world-books-challenge-afghanistan-milles-soleils-splendides.html	301
/voyages/japon/nagoya-et-experiences-japonaises	/nagoya-et-experiences-japonaises.html	301
/photos/islande-photos	/islande-photos.html	301
/voyages/hongrie-budapest/budapest-premiere-soiree-suite-2	/budapest-premiere-soiree-suite-2.html	301
/divers/films/gerardmer-2013-palmares-et-conclusion	/gerardmer-2013-palmares-et-conclusion.html	301
/voyages/st-petersbourg/ermitage-le-vent-et-la-neige	/ermitage-le-vent-et-la-neige.html	301
/voyages/montreal-et-quebec/brunch-et-chutes-de-montmorency	/brunch-et-chutes-de-montmorency.html	301
/voyages/japon/dans-les-montagnes	/dans-les-montagnes.html	301
/divers/photo-du-mois/photo-du-mois-nostalgie	/photo-du-mois-nostalgie.html	301
/divers/blog/de-lhesitation-dune-etudiante-millitante	/de-lhesitation-dune-etudiante-millitante.html	301
/divers/films/etrange-festival-dead-heads	/etrange-festival-dead-heads.html	301
/divers/livres/world-books-challenge-israel-vie-et-mort-en-quatre-rimes	/world-books-challenge-israel-vie-et-mort-en-quatre-rimes.html	301
/divers/films/gerardmer-jour-4-et-palmares	/gerardmer-jour-4-et-palmares.html	301
/divers/films/films-septembre-octobre	/films-septembre-octobre.html	301
/divers/livres/world-books-challenge-mongolie-la-fin-du-chant	/world-books-challenge-mongolie-la-fin-du-chant.html	301
/divers/souvenirs-de-vacances/souvenirs-de-vacances-le-desert	/souvenirs-de-vacances-le-desert.html	301
/divers/films/gerardmer-2010-photos	/gerardmer-2010-photos.html	301
/divers/photo-du-mois/photo-du-mois-victoire	/photo-du-mois-victoire.html	301
/divers/blog/fondation-gianadda-a-martigny	/fondation-gianadda-a-martigny.html	301
/voyages/2015-ouganda/crater-lakes	/crater-lakes.html	301
/voyages/petit-tour-deurope-pour-la-croatie/etapes-camping-suite	/etapes-camping-suite.html	301
/voyages/un-an-en-irlande/week-end-de-paques	/week-end-de-paques.html	301
/divers/livres/la-solitude-des-nombres-premiers-de-paolo-giordano	/la-solitude-des-nombres-premiers-de-paolo-giordano.html	301
/voyages/andalousie/voyage-en-andalousie-grenade	/voyage-en-andalousie-grenade.html	301
/divers/blog/calanques-dhiver	/calanques-dhiver.html	301
/divers/films/festival-de-gerardmer/gerardmer-2015-vendredi	/gerardmer-2015-vendredi.html	301
/divers/blog/martinique	/martinique.html	301
/divers/blog/bonjour	/bonjour.html	301
/divers/films/films-janvier-fevrier	/films-janvier-fevrier.html	301
/divers/films/festival-de-gerardmer/gerardmer-2017-mercredi-jeudi	/gerardmer-2017-mercredi-jeudi.html	301
/divers/livres/challenge-1000-ans-de-litterature-francaise-moliere	/challenge-1000-ans-de-litterature-francaise-moliere.html	301
/voyages/japon/au-bord-de-la-mer-du-japon	/au-bord-de-la-mer-du-japon.html	301
/divers/photo-du-mois/photo-du-mois-dans-mon-frigo	/photo-du-mois-dans-mon-frigo.html	301
/divers/films/festival-de-geradmer-2008-suite	/festival-de-geradmer-2008-suite.html	301
/divers/films/gerardmer-2010-journee-du-vendredi	/gerardmer-2010-journee-du-vendredi.html	301
/voyages/2014-us-road-trip/yosemite	/yosemite.html	301
/divers/blog/nouveau-spectacle-extraordinaire	/nouveau-spectacle-extraordinaire.html	301
/voyages/prague/voyage-a-prague-premiere-journee	/voyage-a-prague-premiere-journee.html	301
/voyages/tenerife/tenerife-1	/tenerife-1.html	301
/divers/films/films-de-septembre	/films-de-septembre.html	301
/divers/photo-du-mois/photo-du-mois-le-froid-ou-le-chaud	/photo-du-mois-le-froid-ou-le-chaud.html	301
/voyages/2015-ouganda/parc-queen-elizabeth-mweya	/parc-queen-elizabeth-mweya.html	301
/voyages/week-end-a-amsterdam/week-end-a-amsterdam	/week-end-a-amsterdam.html	301
/divers/blog/mon-avis-sur-le-pack-globetrotter-free-loader	/mon-avis-sur-le-pack-globetrotter-free-loader.html	301
/divers/livres/world-books-challenge-republique-tcheque-finlande-france	/world-books-challenge-republique-tcheque-finlande-france.html	301
/divers/photo-du-mois/photo-du-mois-au-ras-du-sol	/photo-du-mois-au-ras-du-sol.html	301
/divers/films/films-de-mars-2	/films-de-mars-2.html	301
/divers/livres/lectures-et-voyages-2011	/lectures-et-voyages-2011.html	301
/divers/livres/lectures-et-voyages-2012	/lectures-et-voyages-2012.html	301
/divers/livres/lectures-et-voyages-2013	/lectures-et-voyages-2013.html	301
/divers/peintures-notes/sous-la-tente	/sous-la-tente.html	301
/divers/livres/world-books-challenge	/world-books-challenge.html	301
/divers/films/gerardmer-2010-journee-du-dimanche	/gerardmer-2010-journee-du-dimanche.html	301
/divers/photo-du-mois/photo-du-mois-la-vie-en-vert	/photo-du-mois-la-vie-en-vert.html	301
/divers/spectacles/toa-de-sacha-guitry-au-tgp	/toa-de-sacha-guitry-au-tgp.html	301
/divers/films/films-de-janvier	/films-de-janvier.html	301
/voyages/san-francisco/san-francisco-2	/san-francisco-2.html	301
/divers/films/films-davril-2	/films-davril-2.html	301
/non-classe/photo-du-mois-couleurs-de-mon-drapeau	/photo-du-mois-couleurs-de-mon-drapeau.html	301
/voyages/andalousie/voyage-en-andalousie-alpujaras	/voyage-en-andalousie-alpujaras.html	301
/voyages/georgie-armenie/arrivee-en-armenie-premieres-aventures	/arrivee-en-armenie-premieres-aventures.html	301
/voyages/un-an-en-irlande/sushy-party	/sushy-party.html	301
/voyages/un-an-en-irlande/learning-english	/learning-english.html	301
/divers/recettes/cereales-estivales-gratinees-aux-legumes-a-la-noiseenne	/cereales-estivales-gratinees-aux-legumes-a-la-noiseenne.html	301
/voyages/un-an-en-irlande/welcome-to-dublin-airport	/welcome-to-dublin-airport.html	301
/divers/spectacles/la-ronde-au-theatre-de-poche	/la-ronde-au-theatre-de-poche.html	301
/voyages/coree/busan-ou-le-plaisir-de-la-baignade	/busan-ou-le-plaisir-de-la-baignade.html	301
/voyages/un-an-en-irlande/howth	/howth.html	301
/voyages/squamish	/squamish.html	301
/voyages/islande/reykjavik-les-geysers-et-le-reste	/reykjavik-les-geysers-et-le-reste.html	301
/voyages/islande/le-glacier	/le-glacier.html	301
/voyages/petit-tour-deurope-pour-la-croatie/lacs-croates	/lacs-croates.html	301
/divers/photo-du-mois/photo-du-mois-mon-blog-en-une-photo	/photo-du-mois-mon-blog-en-une-photo.html	301
/divers/blog/expo-bram-et-geer-van-velde-a-lyon	/expo-bram-et-geer-van-velde-a-lyon.html	301
/voyages/medellin	/medellin.html	301
/divers/photo-du-mois/photo-du-mois-bancs-publics	/photo-du-mois-bancs-publics.html	301
/voyages/mongolie/preparatifs-pour-la-mongolie	/preparatifs-pour-la-mongolie.html	301
/divers/blog/flux	/flux.html	301
/voyages/hongrie-budapest/fin-du-voyage-a-budapest	/fin-du-voyage-a-budapest.html	301
/voyages/djerba/dernier-jour	/dernier-jour.html	301
/divers/blog/atelier-des-saveurs	/atelier-des-saveurs.html	301
/voyages/petit-tour-deurope-pour-la-croatie/preparation-du-voyage-2	/preparation-du-voyage-2.html	301
/divers/blog/quelques-jours-a-biarritz	/quelques-jours-a-biarritz.html	301
/voyages/mongolie/chevaux-sauvages	/chevaux-sauvages.html	301
/voyages/djerba/tunisie-post-revolution-allez-y	/tunisie-post-revolution-allez-y.html	301
/divers/blog/aquarelle-de-granville	/aquarelle-de-granville.html	301
/divers/blog/petite-semaine-en-normandie	/petite-semaine-en-normandie.html	301
/voyages/crete/arrivee-en-crete	/arrivee-en-crete.html	301
/voyages/hongrie-budapest/troisieme-jour-a-budapest-suite	/troisieme-jour-a-budapest-suite.html	301
/voyages/petit-tour-deurope-pour-la-croatie/photos-croatie-venise	/photos-croatie-venise.html	301
/divers/peintures-notes/mon-jardin-par-la-fenete	/mon-jardin-par-la-fenete.html	301
/voyages/caraibes/petite-martinique	/petite-martinique.html	301
/voyages/caraibes/tobago	/tobago.html	301
/divers/films/films-de-lete	/films-de-lete.html	301
/divers/livres/policiers-et-autres-entre-granville-et-biarritz	/policiers-et-autres-entre-granville-et-biarritz.html	301
/divers/livres/cadres-noirs	/cadres-noirs.html	301
/divers/films/festival-de-gerardmer/gerardmer-2015-week-end	/gerardmer-2015-week-end.html	301
/voyages/japon/kyoto	/kyoto.html	301
/divers/films/gerardmer-2013-week-end	/gerardmer-2013-week-end.html	301
/voyages/caraibes/martinique-2	/martinique-2.html	301
/divers/films/festival-de-gerardmer/gerardmer-2014-jour1	/gerardmer-2014-jour1.html	301
/divers/blog/solidays	/solidays.html	301
/voyages/japon/tokyo-ville-monstre	/tokyo-ville-monstre.html	301
/divers/films/fantasticart-2007	/fantasticart-2007.html	301
/divers/spectacles/a-voir-laffaire-de-la-rue-lourcine	/a-voir-laffaire-de-la-rue-lourcine.html	301
/voyages/un-an-en-irlande/internationale-saint-patrick-et-concours-de-poesie	/internationale-saint-patrick-et-concours-de-poesie.html	301
/voyages/new-york-niaraga-falls-chicago/arrivee-a-new-york	/arrivee-a-new-york.html	301
/divers/photo-du-mois/photo-du-mois-bienvenue-chez-moi	/photo-du-mois-bienvenue-chez-moi.html	301
/divers/livres/1000-ans-de-litterature-du-bellay	/1000-ans-de-litterature-du-bellay.html	301
/voyages/hongrie-budapest/deuxieme-jour-a-budapest-suite	/deuxieme-jour-a-budapest-suite.html	301
/divers/films/etrange-festival-2010	/etrange-festival-2010.html	301
/divers/livres/nuee-ardente	/nuee-ardente.html	301
/divers/films/festival-de-gerardmer/gerardmer-2015-jeudi	/gerardmer-2015-jeudi.html	301
/voyages/islande/snaefellsnes	/snaefellsnes.html	301
/voyages/coree/photos-coree	/photos-coree.html	301
/divers/films/festival-de-gerardmer-2011-photos	/festival-de-gerardmer-2011-photos.html	301
/voyages/mongolie/one-steppe-into-the-world	/one-steppe-into-the-world.html	301
/divers/films/paradise-now	/paradise-now.html	301
/voyages/vancouver-victoria	/vancouver-victoria.html	301
/voyages/hongrie-budapest/premiere-soiree-a-budapest	/premiere-soiree-a-budapest.html	301
/voyages/2014-us-road-trip/desert	/desert.html	301
/voyages/new-york-niaraga-falls-chicago/niagara-falls-chicago	/niagara-falls-chicago.html	301
/divers/photo-du-mois/photo-du-mois-bulles	/photo-du-mois-bulles.html	301
/voyages/new-york-niaraga-falls-chicago/chicago-day-1	/chicago-day-1.html	301
/voyages/un-an-en-irlande/fins-de-semaine	/fins-de-semaine.html	301
/divers/films/gerardmer-2013-jour-1	/gerardmer-2013-jour-1.html	301
/voyages/un-an-en-irlande/ma-chambre	/ma-chambre.html	301
/voyages/petit-tour-deurope-pour-la-croatie/zadar-et-sibenik	/zadar-et-sibenik.html	301
/voyages/montreal-et-quebec/dernier-week-end-a-montreal-mont-royal	/dernier-week-end-a-montreal-mont-royal.html	301
/voyages/caraibes/sainte-lucie	/sainte-lucie.html	301
/voyages/petit-tour-deurope-pour-la-croatie/pula	/pula.html	301
/divers/films/festival-de-gerardmer-vendredi	/festival-de-gerardmer-vendredi.html	301
/voyages/andalousie/voyage-en-andalousie-cordoue	/voyage-en-andalousie-cordoue.html	301
/divers/films/cinema	/cinema.html	301
/voyages/st-petersbourg/francfort-et-les-avions	/francfort-et-les-avions.html	301
/divers/blog/escapade-a-lyon	/escapade-a-lyon.html	301
/voyages/japon/dans-les-temples	/dans-les-temples.html	301
/divers/films/etrange-festival	/etrange-festival.html	301
/voyages/2015-ouganda/parc-queen-elizabeth-ishasha	/parc-queen-elizabeth-ishasha.html	301
/voyages/un-an-en-irlande/adieu-irlande	/adieu-irlande.html	301
/voyages/caraibes/union-island-et-tobago-cays	/union-island-et-tobago-cays.html	301
/divers/photo-du-mois/photo-du-mois-un-objet	/photo-du-mois-un-objet.html	301
/voyages/national-parks-1	/national-parks-1.html	301
/divers/photo-du-mois/photo-du-mois-bonheur	/photo-du-mois-bonheur.html	301
/voyages/national-parks-2	/national-parks-2.html	301
/divers/photo-du-mois/photo-du-mois-transparence	/photo-du-mois-transparence.html	301
/divers/livres/challenge-adaptations-atonement-expiations	/challenge-adaptations-atonement-expiations.html	301
/voyages/georgie-armenie/routes-et-deroutes-borjomi	/routes-et-deroutes-borjomi.html	301
/voyages/prague/voyage-a-prague-troisieme-jour	/voyage-a-prague-troisieme-jour.html	301
/divers/films/histoires-de-fantomes-japonais	/histoires-de-fantomes-japonais.html	301
/voyages/hongrie-budapest/recit-du-depart	/recit-du-depart.html	301
/voyages/un-an-en-irlande/premiers-jours-a-dublin	/premiers-jours-a-dublin.html	301
/voyages/hongrie-budapest/deuxieme-jour-a-budapest	/deuxieme-jour-a-budapest.html	301
/voyages/whiteswan-lake-et-kimberley	/whiteswan-lake-et-kimberley.html	301
/voyages/hongrie-budapest/mon-hotel-a-budapest	/mon-hotel-a-budapest.html	301
/voyages/islande/arrivee-en-islande	/arrivee-en-islande.html	301
